{"cameraMode":{"drawMode":0,"name":"Shaded","section":"Shading Mode"},"sceneLighting":true,"audioPlay":false,"sceneViewState":{"m_AlwaysRefresh":false,"showFog":true,"showSkybox":true,"showFlares":true,"showImageEffects":true,"showParticleSystems":true,"showVisualEffectGraphs":true,"m_FxEnabled":true},"in2DMode":false,"pivot":{"x":-18.52557373046875,"y":-35.051918029785159,"z":22.452220916748048},"rotation":{"x":0.13393361866474152,"y":-0.7213541865348816,"z":0.6655741333961487,"w":0.1406089961528778},"size":22.690061569213868,"orthographic":true}